1,1812,43시리즈 블랙(립),"9,900",1812_3.jpg,아이언/우드그립,J003-01,넘버원,43g/화이트-블랙,"20,000"
2,1815,43시리즈 화이트-쇼킹핑크(립),"9,900",1815_3.jpg,아이언/우드그립,J003-05,넘버원,43g/화이트-쇼킹핑크,"20,000"
3,1817,48시리즈 블랙(립),"9,900",1817_3.jpg,아이언/우드그립,J002-01,넘버원,48g/블랙,"20,000"
4,1818,48시리즈 레드(립),"9,900",1818_3.jpg,아이언/우드그립,J002-03,넘버원,48g/레드,"20,000"
5,1819,48시리즈 오렌지(립),"9,900",1819_3.jpg,아이언/우드그립,J002-05,넘버원,48g/오렌지,"20,000"
6,1820,48시리즈 화이트-블랙(립),"9,900",1820_3.jpg,아이언/우드그립,J002-07,넘버원,48g/화이트-블랙,"20,000"
7,1821,50시리즈 화이트/블랙(립) 아이언우드그립 정품,"9,900",1821_3.jpg,아이언/우드그립,J001-07,넘버원,50g/화이트-블랙,"20,000"
8,1822,50시리즈 레드(립) 아이언우드그립 정품,"9,900",1822_3.jpg,아이언/우드그립,J001-03,넘버원,50g/레드,"20,000"
9,1824,50시리즈 오렌지(립) 아이언우드그립 정품,"9,900",1824_3.jpg,아이언/우드그립,J001-05,넘버원,50g/오렌지,"20,000"
10,1826,NO1-50X-ICHI,"9,900",1826_3.jpg,아이언/우드그립,J005-07,넘버원,50g/그린,"20,000"
11,1827,NO1-50X-ICHI,"9,900",1827_3.jpg,아이언/우드그립,J005-03,넘버원,50g/옐로우,"20,000"
12,1828,NO1-50X-ICHI,"9,900",1828_3.jpg,아이언/우드그립,J005-05,넘버원,50g/레드,"20,000"
13,1830,NO1-50X-ICHI,"9,900",1830_3.jpg,아이언/우드그립,J005-01,넘버원,50g/블랙,"20,000"
14,1831,이치 시리즈 라임 경량(립),"9,900",1831_3.jpg,아이언/우드그립,J006-03,넘버원,44g/라임,"20,000"
15,1832,NO1-44X-ICHI,"9,900",1832_3.jpg,아이언/우드그립,J006-05,넘버원,44g/오렌지,"20,000"
16,1833,NO1-44R-ICHI,"9,900",1833_3.jpg,아이언/우드그립,J006-02,넘버원,44g/쇼킹핑크,"20,000"
17,2120,NO1-50R,"9,900",2120_3.jpg,아이언/우드그립,J001-08,넘버원,50g/화이트-블랙,"20,000"
18,2121,NO1-50R,"9,900",2121_3.jpg,아이언/우드그립,J001-04,넘버원,50g/레드,"20,000"
19,2122,NO1-50R,"9,900",2122_3.jpg,아이언/우드그립,J001-06,넘버원,50g/오렌지,"20,000"
20,2124,NO1-50X,"9,900",2124_3.jpg,아이언/우드그립,J001-01,넘버원,50g/블랙,"20,000"
21,2125,NO1-50R,"9,900",2125_3.jpg,아이언/우드그립,J001-02,넘버원,50g/블랙,"20,000"
22,4647,NO1-50EX-R,"9,900",4647_3.jpg,아이언/우드그립,J004-04,넘버원,50g/레드,"20,000"
23,2126,NO1-48R,"9,900",2126_3.jpg,아이언/우드그립,J002-02,넘버원,48g/블랙,"20,000"
24,2127,NO1-48R,"9,900",2127_3.jpg,아이언/우드그립,J002-06,넘버원,48g/오렌지,"20,000"
25,2128,NO1-48R,"9,900",2128_3.jpg,아이언/우드그립,J002-04,넘버원,48g/레드,"20,000"
26,2129,NO1-48R,"9,900",2129_3.jpg,아이언/우드그립,J002-08,넘버원,48g/화이트-블랙,"20,000"
27,4648,NO1-50EX-R,"9,900",4648_3.jpg,아이언/우드그립,J004-06,넘버원,50g/블루,"20,000"
28,4646,NO1-50EX-R,"9,900",4646_3.jpg,아이언/우드그립,J004-02,넘버원,50g/블랙,"20,000"
29,2143,NO1-43X,"9,900",2143_3.jpg,아이언/우드그립,J003-02,넘버원,43g/쇼킹핑크,"20,000"
30,2145,NO1-43X,"9,900",2145_3.jpg,아이언/우드그립,J003-03,넘버원,43g/레드,"20,000"
31,2146,NO1-43X,"9,900",2146_3.jpg,아이언/우드그립,J003-04,넘버원,43g/오렌지,"20,000"
32,2150,NO1-50EX-X,"9,900",2150_3.jpg,아이언/우드그립,J004-05,넘버원,50g/블루,"20,000"
33,2151,NO1-50EX-X,"9,900",2151_3.jpg,아이언/우드그립,J004-03,넘버원,50g/레드,"20,000"
34,2152,NO1-50EX-X,"9,900",2152_3.jpg,아이언/우드그립,J004-01,넘버원,50g/블랙,"20,000"
35,2153,NO1-44X-ICHI,"9,900",2153_3.jpg,아이언/우드그립,J006-01,넘버원,50g/쇼킹핑크,"20,000"
36,2154,NO1-44R-ICHI,"9,900",2154_3.jpg,아이언/우드그립,J006-06,넘버원,44g/오렌지,"20,000"
37,2155,NO1-44R-ICHI,"9,900",2155_3.jpg,아이언/우드그립,J006-04,넘버원,44g/그린,"20,000"
38,2156,NO1-50R-ICHI,"9,900",2156_3.jpg,아이언/우드그립,J005-02,넘버원,50g/블랙,"20,000"
39,2157,NO1-50R-ICHI,"9,900",2157_3.jpg,아이언/우드그립,J005-06,넘버원,50g/레드,"20,000"
40,2158,NO1-50R-ICHI,"9,900",2158_3.jpg,아이언/우드그립,J005-04,넘버원,50g/옐로우,"20,000"
41,2159,NO1-50R-ICHI,"9,900",2159_3.jpg,아이언/우드그립,J005-08,넘버원,50g/그린,"20,000"
