1,,고무패드 小,"5,500",tools_1.jpg,공구류,R001-01,국산,RSC
2,,고무패드 / 알미늄부착,"17,600",tools_2.jpg,공구류,R001-02,,EMSC
3,,고무패드 / 사각 바이스용,"33,000",tools_3.jpg,공구류,R001-03,,UVP
4,,그립교환용 쇠봉 / 리무브,"7,700",tools_4.jpg,공구류,R002-01,,VGGR
5,,그립카타기 훅크날 1조 (5개),"5,500",tools_5.jpg,공구류,R004-01,STANLEY,GWUKRHB
6,,그립카타기 (바나나칼) / 훅크날 포함,"22,000",tools_6.jpg,공구류,R004-02,,GWUK
7,,그립교환용 기름 / 론손,"2,200",tools_7.jpg,공구류,R005-01,RONSON,CO
8,,납가루 / 1LB,"27,500",tools_8.jpg,공구류,R006-01,GOLFWORKS,LP
9,,유리가루 / 4OZ,"9,900",tools_9.jpg,공구류,R007-01,MITCHELL,GB
10,,텅스텐가루 / 1/2 LB,"33,000",tools_10.jpg,공구류,R008-01,GOLFWORKS,HDTP
11,,"납테이프 大 1/2""","77,000",tools_11.jpg,공구류,R009-01,3M,36 Yds
12,,"납테이프 小 1/2""","16,500",tools_12.jpg,공구류,R009-02,,"100"""
13,,"동핀 우드용 / 335""~350"" / 5PK","11,000",tools_13.jpg,공구류,R010-01,GOLFWORKS,SHIM-15
14,,"동핀 아이언용 / 370""~400"" / 5PK","11,000",tools_14.jpg,공구류,R010-02,,SHIM-30
15,,Lie & Loft 분도기,"44,000",tools_15.jpg,공구류,R011-04,GOLFWORKS,GWPRO
16,,PROTRACTOR / 각도측정기,"33,000",tools_16.jpg,공구류,R011-05,GOLFWORKS,PRO
17,,마스킹테이프 小,"1,650",tools_17.jpg,공구류,R012-01,,8mm x 36yd
18,,마스킹테이프 中,"2,200",tools_18.jpg,공구류,R012-02,,15mm x 36yd
19,,마스킹테이프 大,"3,850",tools_19.jpg,공구류,R012-03,,50mm x 36yd
20,,양면테이프 中,"6,600",tools_20.jpg,공구류,R012-05,,19mm x 33m
21,,양면테이프 大,"14,300",tools_21.jpg,공구류,R012-06,,50mm x 33m
22,,Balance Scale,"385,000",tools_22.jpg,공구류,R013-01,MITCHELL,TGSWS
23,,Balance Scale,"198,000",tools_23.jpg,공구류,R013-02,GOLFWORKS,NESC
24,,버블그립 작업 보조기구,"27,500",tools_24.jpg,공구류,R014-01,GOLFWORKS,BBGIT
25,,벨트 샌드 페퍼 MICRO 1X30 중강 흰색,"9,900",tools_25.jpg,공구류,R015-02,,M130B
26,,벨트 천 페퍼 1X30 중약 회색 적색,"9,900",tools_26.jpg,공구류,R015-03,,PF30B
27,,벨트 천 페퍼 1X42 중약,"9,900",tools_27.jpg,공구류,R015-04,,PFTB
28,,벨트 샌드 페퍼 1X42 강한 페퍼,"9,900",tools_28.jpg,공구류,R015-06,,BEL
30,,샤후드바이스,"187,000",tools_30.jpg,공구류,R018-02,GOLFWORKS,PASH
31,,샤후드바이스 / New Model / Korea,"242,000",tools_31.jpg,공구류,R018-03,Korea,VS02
32,,샤후드 연장봉 스틸 (아이언용),"6,600",tools_32.jpg,공구류,R020-01,,ASSE
33,,샤후드 연장봉 카본 (레귤러),"6,600",tools_33.jpg,공구류,R020-02,,GSE
34,,샤후즈연장봉 카본 (오버),"6,600",tools_34.jpg,공구류,R020-03,,GSE
35,,샤후드 카타날,"5,500",tools_35.jpg,공구류,R021-01,,STCW
36,,샤후드 카타기,"22,000",tools_36.jpg,공구류,R021-02,GENERAL,STC
37,,샤후드 헤드 분리기 大 Korea,"385,000",tools_37.jpg,공구류,R023-01,Korea,SHEL
38,,소켓 부싱 작업봉,"33,000",tools_38.jpg,공구류,R024-02,,SS007
39,,스틸 샤후드 제거용 공구,"33,000",tools_39.jpg,공구류,R026-02,,SS01
40,,엑폭시 / 12시간용 / 카트리지,"17,500",tools_40.jpg,공구류,R027-01,GOLFWORKS,GWSY 50ml
41,,엑폭시순간접착제 30분用 / 4온스,"38,500",tools_41.jpg,공구류,R027-02,MITCHELL,PSB4
42,,엑폭시 / 12시간用 / 4온스,"27,500",tools_42.jpg,공구류,R027-03,GOLFWORKS,EXP4
43,,엑폭시 / 12시간用 / 8온스,"38,500",tools_43.jpg,공구류,R027-04,GOLFWORKS,EXP8
44,,엑폭시 / 12시간用 / 16온스,"49,500",tools_44.jpg,공구류,R027-05,GOLFWORKS,EPX16
45,,엑폭시 / 12시간用 / 32온스,"66,000",tools_45.jpg,공구류,R027-06,GOLFWORKS,EPX32
46,,시바엑폭시 12시간 ,"110,000",tools_46.jpg,공구류,R027-07,,AW106 / HV953U
47,,엑폭시순간접착제 30분用 / 300g,"77,000",tools_47.jpg,공구류,R027-08,CEMEDINE,Y610 / 600G / SET
48,,"인치자 / 알루민 48""","44,000",tools_48.jpg,공구류,R029-04,MITCHELL,RUL48
49,,인치자 / 줄자,"19,800",tools_49.jpg,공구류,R029-05,STARRETT,SSTR
50,,콜크 / 100k / 우드用,"11,000",tools_50.jpg,공구류,R031-01,MITCHELL,CO
51,,콜크 / 100k / 아이언用,"11,000",tools_51.jpg,공구류,R031-02,MITCHELL,CI
52,,양면테이프 제거用 공구,"33,000",tools_52.jpg,공구류,R032-01,GOLFWORKS,GW1101
53,,헤드브러쉬 / 드릴 비트 (우드 / 아이언用),"11,000",tools_53.jpg,공구류,R034-01,,GW1054 / GW1060
54,,헤드 브러쉬 SET (우드 / 아이언用),"22,000",tools_54.jpg,공구류,R034-02,,GW1054 / GW1060
55,,헤드 보어 플러그 / 20pcs,"9,900",tools_55.jpg,공구류,R035-01,,MWHBP
56,,헤드 페이스 홈 청소용구,"22,000",tools_56.jpg,공구류,R036-01,,SRT
57,,휘발유통 用 짧은 바늘 / 1pc,"5,500",tools_57.jpg,공구류,R037-01,,GRG-RN1
58,,휘발유통 用 긴 바늘 / 1pc,"5,500",tools_58.jpg,공구류,R037-02,,IGSN
59,,휘발유통,"110,000",tools_59.jpg,공구류,R037-03,C.R STEEL,GS6 / SET
60,,휘발유통 用 비닐호스,"22,000",tools_60.jpg,공구류,R037-04,,GSRK
61,,"370"" Steel Iron Tip 2g","8,800",tools_61.jpg,공구류,R041-01,,SITW2 / 12EA
62,,"370"" Steel Iron Tip 4g","8,800",tools_62.jpg,공구류,R041-02,,SITW4 / 12EA
63,,"370"" Steel Iron Tip 6g","11,000",tools_63.jpg,공구류,R041-03,,SITW6 / 12EA
64,,"370"" Steel Iron Tip 8g","11,000",tools_64.jpg,공구류,R041-04,,SITW8 / 12EA
65,,"335"" Steel Iron Tip 2g","8,800",tools_65.jpg,공구류,R042-01,,SWTW2 / 12EA
66,,"335"" Steel Iron Tip 4g","8,800",tools_66.jpg,공구류,R042-02,,SWTW4 / 12EA
67,,"335"" Steel Iron Tip 6g","11,000",tools_67.jpg,공구류,R042-03,,SWTW6 / 12EA
68,,"335"" Steel Iron Tip 8g","11,000",tools_68.jpg,공구류,R042-04,,SWTW8 / 12EA
69,,Graphite Tip 2g / Wood,"8,800",tools_69.jpg,공구류,R043-01,,GTW2 / 12EA
70,,Graphite Tip 4g / Wood,"8,800",tools_70.jpg,공구류,R043-02,,GTW4 / 12EA
71,,전자저울,"154,000",tools_71.jpg,공구류,R030-01,,GW1018
72,,Lie & Loft 각도조정 일체,"1,320,000",tools_72.jpg,공구류,R011-01,TIGERCHOI,KBM55
73,,"인치자 / 벤치 마운트 룰러 48""","38,500",tools_73.jpg,공구류,R029-02,GOLFWORKS,BMR
74,,인치자 / Korea,"165,000",tools_74.jpg,공구류,R029-06,,VSAP03
